{"timestamp": "2025-11-28T05:30:36.907014", "capital": 11077497.630413711, "cycle_count": 8, "error_count": 0}